candidate_id,year_week,er_median,er_mean,volume,interactions_total,likes_total,comments_total,shares_total,week_start,platform,candidate_label
david_belliard,2025-W01,0.0014642857142857,0.0018080357142857,4,405,184,186,35,2025-01-02,twitter,D. Belliard (EELV)
david_belliard,2025-W02,0.0007857142857142,0.0031058201058201,27,4696,2898,861,937,2025-01-06,twitter,D. Belliard (EELV)
david_belliard,2025-W03,0.0005625,0.0009848214285714,20,1103,593,402,108,2025-01-13,twitter,D. Belliard (EELV)
david_belliard,2025-W04,0.0015625,0.0015625,2,175,26,145,4,2025-01-20,twitter,D. Belliard (EELV)
david_belliard,2025-W22,0.0005714285714285,0.002406746031746,9,1213,327,787,99,2025-05-27,twitter,D. Belliard (EELV)
david_belliard,2025-W23,0.0005535714285714,0.0050044642857142,8,2242,1475,412,355,2025-06-03,twitter,D. Belliard (EELV)
david_belliard,2025-W24,0.0008303571428571,0.0008883928571428,4,199,125,55,19,2025-06-09,twitter,D. Belliard (EELV)
david_belliard,2025-W25,0.0040892857142857,0.0057321428571428,5,1605,346,1181,78,2025-06-17,twitter,D. Belliard (EELV)
david_belliard,2025-W26,0.0007946428571428,0.0053180803571428,16,4765,2889,1389,487,2025-06-23,twitter,D. Belliard (EELV)
david_belliard,2025-W27,0.0008571428571428,0.0055845864661654,19,5942,3471,1724,747,2025-06-30,twitter,D. Belliard (EELV)
david_belliard,2025-W28,0.0006785714285714,0.0042742346938775,14,3351,1754,836,761,2025-07-07,twitter,D. Belliard (EELV)
david_belliard,2025-W29,0.0005714285714285,0.0369444444444444,9,18620,14731,1698,2191,2025-07-15,twitter,D. Belliard (EELV)
david_belliard,2025-W30,0.0004285714285714,0.0352261904761904,9,17754,14711,485,2558,2025-07-21,twitter,D. Belliard (EELV)
david_belliard,2025-W31,0.0007857142857142,0.0362982142857142,10,20327,14011,1699,4617,2025-07-28,twitter,D. Belliard (EELV)
david_belliard,2025-W32,0.00325,0.0036785714285714,3,618,305,213,100,2025-08-06,twitter,D. Belliard (EELV)
david_belliard,2025-W33,0.0006964285714285,0.0037544642857142,12,2523,960,1315,248,2025-08-11,twitter,D. Belliard (EELV)
david_belliard,2025-W34,0.0005535714285714,0.0006071428571428,4,136,81,27,28,2025-08-21,twitter,D. Belliard (EELV)
david_belliard,2025-W35,0.000625,0.0230959821428571,8,10347,7023,699,2625,2025-08-26,twitter,D. Belliard (EELV)
david_belliard,2025-W36,0.0004464285714285,0.0009577922077922,11,590,343,162,85,2025-09-01,twitter,D. Belliard (EELV)
david_belliard,2025-W37,0.0005089285714285,0.0157779017857142,16,14137,10319,791,3027,2025-09-08,twitter,D. Belliard (EELV)
david_belliard,2025-W38,0.0002053571428571,0.000281746031746,18,284,175,63,46,2025-09-15,twitter,D. Belliard (EELV)
david_belliard,2025-W39,0.0004642857142857,0.0006122448979591,14,480,271,117,92,2025-09-22,twitter,D. Belliard (EELV)
david_belliard,2025-W40,0.0003482142857142,0.0022168367346938,14,1738,1103,320,315,2025-09-29,twitter,D. Belliard (EELV)
david_belliard,2025-W41,0.0004285714285714,0.0021766917293233,19,2316,1525,320,471,2025-10-06,twitter,D. Belliard (EELV)
david_belliard,2025-W42,0.0004285714285714,0.0967313664596273,23,124590,95373,7563,21654,2025-10-13,twitter,D. Belliard (EELV)
david_belliard,2025-W43,0.0010535714285714,0.0186813186813186,13,13600,11542,1208,850,2025-10-20,twitter,D. Belliard (EELV)
david_belliard,2025-W44,0.0018928571428571,0.0061118421052631,19,6503,3808,2026,669,2025-10-27,twitter,D. Belliard (EELV)
david_belliard,2025-W45,0.0005089285714285,0.0032563775510204,28,5106,1302,3388,416,2025-11-03,twitter,D. Belliard (EELV)
david_belliard,2025-W46,0.0013214285714285,0.0141335034013605,21,16621,11528,2951,2142,2025-11-10,twitter,D. Belliard (EELV)
david_belliard,2025-W47,0.0030357142857142,0.0045667293233082,19,4859,2754,1367,738,2025-11-17,twitter,D. Belliard (EELV)
david_belliard,2025-W48,0.0017142857142857,0.0054945054945054,13,4000,1032,2722,246,2025-11-24,twitter,D. Belliard (EELV)
david_belliard,2025-W49,0.0026428571428571,0.0060648496240601,19,6453,2104,3661,688,2025-12-01,twitter,D. Belliard (EELV)
david_belliard,2025-W50,0.0024642857142857,0.0067804621848739,17,6455,2281,3712,462,2025-12-08,twitter,D. Belliard (EELV)
david_belliard,2025-W51,0.0031696428571428,0.0039631696428571,16,3551,1173,2064,314,2025-12-15,twitter,D. Belliard (EELV)
david_belliard,2025-W52,0.0038035714285714,0.0055025510204081,7,2157,563,1418,176,2025-12-23,twitter,D. Belliard (EELV)
david_belliard,2026-W01,0.0037678571428571,0.0641071428571428,11,39490,25098,5988,8404,2025-12-29,twitter,D. Belliard (EELV)
david_belliard,2026-W02,0.0024285714285714,0.024016304347826,23,30933,22475,2177,6281,2026-01-05,twitter,D. Belliard (EELV)
david_belliard,2026-W03,0.0038303571428571,0.004625,24,6216,3311,1920,985,2026-01-12,twitter,D. Belliard (EELV)
david_belliard,2026-W04,0.0021785714285714,0.0215544217687074,21,25348,21820,1455,2073,2026-01-19,twitter,D. Belliard (EELV)
david_belliard,2026-W05,0.0031428571428571,0.0061155462184873,17,5822,3689,1509,624,2026-01-26,twitter,D. Belliard (EELV)
david_belliard,2026-W06,0.0016785714285714,0.0025576036866359,31,4440,2446,1269,725,2026-02-02,twitter,D. Belliard (EELV)
david_belliard,2026-W07,0.0016964285714285,0.0027095864661654,19,2883,1340,836,707,2026-02-09,twitter,D. Belliard (EELV)
david_belliard,2026-W08,0.0018124999999999,0.0025267857142857,4,566,269,201,96,2026-02-16,twitter,D. Belliard (EELV)
emmanuel_gregoire,2025-W02,0.000508064516129,0.0006428571428571,14,558,403,40,115,2025-01-07,twitter,E. Grégoire (PS)
emmanuel_gregoire,2025-W03,0.0005564516129032,0.0006075268817204,6,226,163,20,43,2025-01-15,twitter,E. Grégoire (PS)
emmanuel_gregoire,2025-W04,0.0008225806451612,0.0011051893408134,23,1576,998,278,300,2025-01-20,twitter,E. Grégoire (PS)
emmanuel_gregoire,2025-W05,0.0007903225806451,0.0028216318785578,17,2974,866,1832,276,2025-01-27,twitter,E. Grégoire (PS)
emmanuel_gregoire,2025-W06,0.0008951612903225,0.0013252688172043,18,1479,704,531,244,2025-02-03,twitter,E. Grégoire (PS)
emmanuel_gregoire,2025-W07,0.0003709677419354,0.000826420890937,21,1076,590,221,265,2025-02-10,twitter,E. Grégoire (PS)
emmanuel_gregoire,2025-W08,0.0009193548387096,0.0011110056925996,17,1171,711,206,254,2025-02-17,twitter,E. Grégoire (PS)
emmanuel_gregoire,2025-W09,0.0008548387096774,0.0013440860215053,12,1000,575,238,187,2025-02-24,twitter,E. Grégoire (PS)
emmanuel_gregoire,2025-W11,0.0011612903225806,0.0023635235732009,13,1905,1099,485,321,2025-03-10,twitter,E. Grégoire (PS)
emmanuel_gregoire,2025-W12,0.0006290322580645,0.0008870967741935,25,1375,822,283,270,2025-03-17,twitter,E. Grégoire (PS)
emmanuel_gregoire,2025-W13,0.0004354838709677,0.0008028673835125,18,896,583,113,200,2025-03-25,twitter,E. Grégoire (PS)
emmanuel_gregoire,2025-W14,0.0008467741935483,0.004021505376344,6,1496,397,966,133,2025-03-31,twitter,E. Grégoire (PS)
emmanuel_gregoire,2025-W15,0.0010483870967741,0.0017246941045606,29,3101,1448,1116,537,2025-04-07,twitter,E. Grégoire (PS)
emmanuel_gregoire,2025-W16,0.0015645161290322,0.0014064516129032,10,872,534,158,180,2025-04-14,twitter,E. Grégoire (PS)
emmanuel_gregoire,2025-W17,0.000274193548387,0.0007222782258064,32,1433,729,538,166,2025-04-21,twitter,E. Grégoire (PS)
emmanuel_gregoire,2025-W18,0.0006048387096774,0.0011431451612903,16,1134,539,416,179,2025-04-28,twitter,E. Grégoire (PS)
emmanuel_gregoire,2025-W19,0.0006129032258064,0.0012365591397849,9,690,342,225,123,2025-05-06,twitter,E. Grégoire (PS)
emmanuel_gregoire,2025-W20,0.0009354838709677,0.0013900293255131,22,1896,1134,370,392,2025-05-12,twitter,E. Grégoire (PS)
emmanuel_gregoire,2025-W21,0.0007258064516129,0.0009623655913978,21,1253,765,227,261,2025-05-19,twitter,E. Grégoire (PS)
emmanuel_gregoire,2025-W22,0.0009354838709677,0.0018709677419354,11,1276,513,617,146,2025-05-26,twitter,E. Grégoire (PS)
emmanuel_gregoire,2025-W24,0.0008709677419354,0.0014623655913978,6,544,196,273,75,2025-06-13,twitter,E. Grégoire (PS)
emmanuel_gregoire,2025-W25,0.0013387096774193,0.0019781783681214,51,6255,3290,1857,1108,2025-06-16,twitter,E. Grégoire (PS)
emmanuel_gregoire,2025-W26,0.0010645161290322,0.0014786196549137,43,3942,2240,902,800,2025-06-23,twitter,E. Grégoire (PS)
emmanuel_gregoire,2025-W27,0.0014354838709677,0.002253928866832,39,5450,3491,1081,878,2025-06-30,twitter,E. Grégoire (PS)
emmanuel_gregoire,2025-W28,0.001508064516129,0.002005376344086,36,4476,2532,1173,771,2025-07-07,twitter,E. Grégoire (PS)
emmanuel_gregoire,2025-W29,0.0011935483870967,0.0017983870967741,16,1784,1174,170,440,2025-07-14,twitter,E. Grégoire (PS)
emmanuel_gregoire,2025-W30,0.0007177419354838,0.0019251152073732,28,3342,1945,784,613,2025-07-21,twitter,E. Grégoire (PS)
emmanuel_gregoire,2025-W31,0.0012903225806451,0.0012903225806451,2,160,108,20,32,2025-07-31,twitter,E. Grégoire (PS)
emmanuel_gregoire,2025-W32,0.001758064516129,0.0026960297766749,13,2173,1270,399,504,2025-08-04,twitter,E. Grégoire (PS)
emmanuel_gregoire,2025-W33,0.0028387096774193,0.0034493087557603,7,1497,953,236,308,2025-08-11,twitter,E. Grégoire (PS)
emmanuel_gregoire,2025-W34,0.0022983870967741,0.0023870967741935,8,1184,737,215,232,2025-08-20,twitter,E. Grégoire (PS)
emmanuel_gregoire,2025-W35,0.0011048387096774,0.0014045698924731,12,1045,540,299,206,2025-08-25,twitter,E. Grégoire (PS)
emmanuel_gregoire,2025-W36,0.0011129032258064,0.0013845500848896,19,1631,1025,212,394,2025-09-01,twitter,E. Grégoire (PS)
emmanuel_gregoire,2025-W37,0.0018709677419354,0.004152605459057,13,3347,1642,1156,549,2025-09-08,twitter,E. Grégoire (PS)
emmanuel_gregoire,2025-W38,0.0029274193548387,0.0035524193548387,16,3524,1989,711,824,2025-09-15,twitter,E. Grégoire (PS)
emmanuel_gregoire,2025-W39,0.0008870967741935,0.0019551411290322,32,3879,1446,1826,607,2025-09-22,twitter,E. Grégoire (PS)
emmanuel_gregoire,2025-W40,0.0013387096774193,0.0023109677419354,25,3582,1840,1004,738,2025-09-29,twitter,E. Grégoire (PS)
emmanuel_gregoire,2025-W41,0.0011129032258064,0.001510752688172,24,2248,1290,399,559,2025-10-07,twitter,E. Grégoire (PS)
emmanuel_gregoire,2025-W42,0.0009112903225806,0.0031584101382488,28,5483,2566,2105,812,2025-10-13,twitter,E. Grégoire (PS)
emmanuel_gregoire,2025-W43,0.0047983870967741,0.0052983870967741,6,1971,811,822,338,2025-10-21,twitter,E. Grégoire (PS)
emmanuel_gregoire,2025-W44,0.0013709677419354,0.0061178660049627,26,9862,5450,2588,1824,2025-10-27,twitter,E. Grégoire (PS)
emmanuel_gregoire,2025-W45,0.0027903225806451,0.0087419354838709,11,5962,3565,1164,1233,2025-11-03,twitter,E. Grégoire (PS)
emmanuel_gregoire,2025-W46,0.0011451612903225,0.0016039426523297,9,895,655,21,219,2025-11-10,twitter,E. Grégoire (PS)
emmanuel_gregoire,2025-W47,0.0033387096774193,0.003847670250896,9,2147,1600,31,516,2025-11-18,twitter,E. Grégoire (PS)
emmanuel_gregoire,2025-W48,0.0033387096774193,0.0060821114369501,11,4148,2553,883,712,2025-11-24,twitter,E. Grégoire (PS)
emmanuel_gregoire,2025-W49,0.0016370967741935,0.0024369501466275,22,3324,2307,147,870,2025-12-01,twitter,E. Grégoire (PS)
emmanuel_gregoire,2025-W50,0.002008064516129,0.0028115835777126,22,3835,3003,56,776,2025-12-08,twitter,E. Grégoire (PS)
emmanuel_gregoire,2025-W51,0.0024112903225806,0.0034139784946236,36,7620,5072,1177,1371,2025-12-15,twitter,E. Grégoire (PS)
emmanuel_gregoire,2025-W52,0.0026451612903225,0.0072840501792114,18,8129,4630,2380,1119,2025-12-22,twitter,E. Grégoire (PS)
emmanuel_gregoire,2026-W01,0.0004516129032258,0.0009921798631476,33,2030,1544,18,468,2025-12-30,twitter,E. Grégoire (PS)
emmanuel_gregoire,2026-W02,0.0019838709677419,0.0026748178980228,31,5141,3718,264,1159,2026-01-05,twitter,E. Grégoire (PS)
emmanuel_gregoire,2026-W03,0.0023387096774193,0.0035796963946869,34,7546,4025,2287,1234,2026-01-12,twitter,E. Grégoire (PS)
emmanuel_gregoire,2026-W04,0.00175,0.002205376344086,30,4102,2995,191,916,2026-01-19,twitter,E. Grégoire (PS)
emmanuel_gregoire,2026-W05,0.001774193548387,0.0035336021505376,36,7887,6169,386,1332,2026-01-26,twitter,E. Grégoire (PS)
emmanuel_gregoire,2026-W06,0.0026370967741935,0.0027862903225806,24,4146,2918,220,1008,2026-02-02,twitter,E. Grégoire (PS)
emmanuel_gregoire,2026-W07,0.002016129032258,0.0022903225806451,37,5254,3456,638,1160,2026-02-09,twitter,E. Grégoire (PS)
emmanuel_gregoire,2026-W08,0.00125,0.0015387096774193,10,954,610,96,248,2026-02-16,twitter,E. Grégoire (PS)
ian_brossat,2025-W02,0.0022596153846153,0.0023413461538461,4,974,605,197,172,2025-01-10,twitter,I. Brossat (PCF)
ian_brossat,2025-W03,0.0041826923076923,0.0093666958041958,22,21431,14038,2519,4874,2025-01-13,twitter,I. Brossat (PCF)
ian_brossat,2025-W04,0.0069230769230769,0.0150118778280542,17,26541,17967,3820,4754,2025-01-20,twitter,I. Brossat (PCF)
ian_brossat,2025-W05,0.0103942307692307,0.0324428137651821,19,64107,48848,9069,6190,2025-01-27,twitter,I. Brossat (PCF)
ian_brossat,2025-W06,0.0089278846153846,0.0188740384615384,10,19629,13560,3077,2992,2025-02-03,twitter,I. Brossat (PCF)
ian_brossat,2025-W07,0.003951923076923,0.0110326923076923,20,22948,14674,4592,3682,2025-02-10,twitter,I. Brossat (PCF)
ian_brossat,2025-W08,0.0137211538461538,0.0171078296703296,14,24909,18055,2593,4261,2025-02-17,twitter,I. Brossat (PCF)
ian_brossat,2025-W09,0.01975,0.0193910256410256,6,12100,8326,1929,1845,2025-02-26,twitter,I. Brossat (PCF)
ian_brossat,2025-W10,0.0036634615384615,0.0138692307692307,10,14424,10272,1997,2155,2025-03-03,twitter,I. Brossat (PCF)
ian_brossat,2025-W11,0.0064230769230769,0.0094773755656108,17,16756,12479,1498,2779,2025-03-10,twitter,I. Brossat (PCF)
ian_brossat,2025-W12,0.0034711538461538,0.0070390271493212,17,12445,8347,1687,2411,2025-03-17,twitter,I. Brossat (PCF)
ian_brossat,2025-W13,0.0014807692307692,0.0054441268191268,37,20949,13344,4020,3585,2025-03-24,twitter,I. Brossat (PCF)
ian_brossat,2025-W14,0.0133701923076923,0.0277522189349112,26,75042,56347,7306,11389,2025-03-31,twitter,I. Brossat (PCF)
ian_brossat,2025-W15,0.004201923076923,0.008125,16,13520,8646,2801,2073,2025-04-07,twitter,I. Brossat (PCF)
ian_brossat,2025-W16,0.0052692307692307,0.0176129807692307,12,21981,16001,1877,4103,2025-04-14,twitter,I. Brossat (PCF)
ian_brossat,2025-W17,0.0044903846153846,0.0085312499999999,12,10647,7523,1388,1736,2025-04-21,twitter,I. Brossat (PCF)
ian_brossat,2025-W18,0.0027307692307692,0.006863782051282,12,8566,5239,2170,1157,2025-04-28,twitter,I. Brossat (PCF)
ian_brossat,2025-W20,0.0083365384615384,0.0150048076923076,4,6242,2945,3008,289,2025-05-16,twitter,I. Brossat (PCF)
ian_brossat,2025-W21,0.0076682692307692,0.016795673076923,16,27948,21900,2886,3162,2025-05-19,twitter,I. Brossat (PCF)
ian_brossat,2025-W22,0.0029375,0.0037673076923076,20,7836,4124,2643,1069,2025-05-26,twitter,I. Brossat (PCF)
ian_brossat,2025-W26,0.0050961538461538,0.0090777972027972,22,20770,14685,3089,2996,2025-06-23,twitter,I. Brossat (PCF)
ian_brossat,2025-W27,0.0060865384615384,0.0130599112426035,26,35314,23645,6790,4879,2025-06-30,twitter,I. Brossat (PCF)
ian_brossat,2025-W28,0.0074423076923076,0.0109467948717948,15,17077,9156,5495,2426,2025-07-07,twitter,I. Brossat (PCF)
ian_brossat,2025-W29,0.0117788461538461,0.0240466524216524,27,67523,46644,5517,15362,2025-07-14,twitter,I. Brossat (PCF)
ian_brossat,2025-W30,0.0117596153846153,0.0158361378205128,24,39527,28293,3146,8088,2025-07-21,twitter,I. Brossat (PCF)
ian_brossat,2025-W31,0.0190192307692307,0.058701923076923,11,67155,48066,3766,15323,2025-07-28,twitter,I. Brossat (PCF)
ian_brossat,2025-W32,0.0111730769230769,0.0223164335664335,11,25530,18883,2051,4596,2025-08-04,twitter,I. Brossat (PCF)
ian_brossat,2025-W33,0.0093125,0.0128373397435897,12,16021,10383,2927,2711,2025-08-11,twitter,I. Brossat (PCF)
ian_brossat,2025-W34,0.0098317307692307,0.0147852564102564,6,9226,7144,575,1507,2025-08-18,twitter,I. Brossat (PCF)
ian_brossat,2025-W35,0.0092451923076923,0.0160410502958579,26,43375,30416,4855,8104,2025-08-25,twitter,I. Brossat (PCF)
ian_brossat,2025-W36,0.0063605769230769,0.0112788461538461,14,16422,10215,2317,3890,2025-09-01,twitter,I. Brossat (PCF)
ian_brossat,2025-W37,0.0076730769230769,0.0133799627791563,31,43137,30780,5562,6795,2025-09-08,twitter,I. Brossat (PCF)
ian_brossat,2025-W38,0.0138317307692307,0.024725641025641,30,77144,53926,10334,12884,2025-09-15,twitter,I. Brossat (PCF)
ian_brossat,2025-W39,0.0114807692307692,0.0190368037135278,29,57415,38521,7942,10952,2025-09-22,twitter,I. Brossat (PCF)
ian_brossat,2025-W40,0.0113557692307692,0.0127706043956043,28,37188,25303,5683,6202,2025-09-29,twitter,I. Brossat (PCF)
ian_brossat,2025-W41,0.0070961538461538,0.012333547008547,45,57721,38649,9512,9560,2025-10-06,twitter,I. Brossat (PCF)
ian_brossat,2025-W42,0.0058846153846153,0.0124073717948717,30,38711,26170,4518,8023,2025-10-13,twitter,I. Brossat (PCF)
ian_brossat,2025-W43,0.0125480769230769,0.0181668552036199,17,32119,23383,2909,5827,2025-10-20,twitter,I. Brossat (PCF)
ian_brossat,2025-W44,0.0094951923076923,0.0168806561085972,34,59690,40665,9856,9169,2025-10-27,twitter,I. Brossat (PCF)
ian_brossat,2025-W45,0.0032211538461538,0.0056384615384615,25,14660,9887,2424,2349,2025-11-03,twitter,I. Brossat (PCF)
ian_brossat,2025-W46,0.0059038461538461,0.0134223901098901,28,39086,28515,3970,6601,2025-11-10,twitter,I. Brossat (PCF)
ian_brossat,2025-W47,0.0059567307692307,0.0091905906593406,28,26763,16262,5640,4861,2025-11-17,twitter,I. Brossat (PCF)
ian_brossat,2025-W48,0.0047307692307692,0.0123096153846153,30,38406,28971,2636,6799,2025-11-24,twitter,I. Brossat (PCF)
ian_brossat,2025-W49,0.0067596153846153,0.0119714972527472,28,34861,22764,6149,5948,2025-12-01,twitter,I. Brossat (PCF)
ian_brossat,2025-W50,0.008201923076923,0.014305944055944,22,32732,23812,4352,4568,2025-12-08,twitter,I. Brossat (PCF)
ian_brossat,2025-W51,0.0041153846153846,0.0040990802675585,23,9805,5198,3157,1450,2025-12-15,twitter,I. Brossat (PCF)
ian_brossat,2025-W52,0.0040673076923076,0.014920584045584,27,41897,32764,3812,5321,2025-12-22,twitter,I. Brossat (PCF)
ian_brossat,2026-W01,0.0077211538461538,0.0261570512820512,9,24483,16910,4738,2835,2025-12-29,twitter,I. Brossat (PCF)
ian_brossat,2026-W02,0.0072307692307692,0.0193212412587412,22,44207,28900,9281,6026,2026-01-05,twitter,I. Brossat (PCF)
ian_brossat,2026-W03,0.0048461538461538,0.0125859375,32,41886,29459,5845,6582,2026-01-12,twitter,I. Brossat (PCF)
ian_brossat,2026-W04,0.0035336538461538,0.0063956043956043,28,18624,12118,3055,3451,2026-01-19,twitter,I. Brossat (PCF)
ian_brossat,2026-W05,0.0034759615384615,0.0057202524038461,32,19037,11207,5077,2753,2026-01-26,twitter,I. Brossat (PCF)
ian_brossat,2026-W06,0.0039855769230769,0.0068233974358974,30,21289,11708,5672,3909,2026-02-02,twitter,I. Brossat (PCF)
ian_brossat,2026-W07,0.0032596153846153,0.006775641025641,27,19026,11839,2651,4536,2026-02-09,twitter,I. Brossat (PCF)
ian_brossat,2026-W08,0.004639423076923,0.004639423076923,2,965,414,402,149,2026-02-16,twitter,I. Brossat (PCF)
pierre_yves_bournazel,2025-W01,0.0041944444444444,0.0034166666666666,3,369,287,8,74,2025-01-01,twitter,P-Y. Bournazel (Horizons)
pierre_yves_bournazel,2025-W02,0.0021944444444444,0.0020771604938271,9,673,443,86,144,2025-01-07,twitter,P-Y. Bournazel (Horizons)
pierre_yves_bournazel,2025-W03,0.0016527777777777,0.0022083333333333,10,795,546,107,142,2025-01-14,twitter,P-Y. Bournazel (Horizons)
pierre_yves_bournazel,2025-W04,0.0029166666666666,0.0024960317460317,7,629,467,33,129,2025-01-20,twitter,P-Y. Bournazel (Horizons)
pierre_yves_bournazel,2025-W05,0.0033055555555555,0.0039841269841269,7,1004,710,63,231,2025-01-27,twitter,P-Y. Bournazel (Horizons)
pierre_yves_bournazel,2025-W09,0.0020277777777777,0.0420138888888888,10,15125,9434,3766,1925,2025-02-27,twitter,P-Y. Bournazel (Horizons)
pierre_yves_bournazel,2025-W10,0.0018888888888888,0.0046888888888888,20,3376,1902,871,603,2025-03-03,twitter,P-Y. Bournazel (Horizons)
pierre_yves_bournazel,2025-W11,0.0019166666666666,0.0023571428571428,21,1782,1169,267,346,2025-03-10,twitter,P-Y. Bournazel (Horizons)
pierre_yves_bournazel,2025-W12,0.0013472222222222,0.0052608024691358,18,3409,1709,1126,574,2025-03-17,twitter,P-Y. Bournazel (Horizons)
pierre_yves_bournazel,2025-W13,0.0012916666666666,0.0028035714285714,28,2826,1914,209,703,2025-03-24,twitter,P-Y. Bournazel (Horizons)
pierre_yves_bournazel,2025-W14,0.0013611111111111,0.0012752525252525,11,505,378,17,110,2025-03-31,twitter,P-Y. Bournazel (Horizons)
pierre_yves_bournazel,2025-W15,0.0014861111111111,0.0015337301587301,14,773,590,18,165,2025-04-07,twitter,P-Y. Bournazel (Horizons)
pierre_yves_bournazel,2025-W16,0.0016111111111111,0.0017407407407407,3,188,123,13,52,2025-04-15,twitter,P-Y. Bournazel (Horizons)
pierre_yves_bournazel,2025-W17,0.0011111111111111,0.0012761437908496,17,781,562,24,195,2025-04-21,twitter,P-Y. Bournazel (Horizons)
pierre_yves_bournazel,2025-W18,0.0011666666666666,0.0017875,20,1287,957,45,285,2025-04-28,twitter,P-Y. Bournazel (Horizons)
pierre_yves_bournazel,2025-W19,0.00125,0.0013686868686868,11,542,406,22,114,2025-05-06,twitter,P-Y. Bournazel (Horizons)
pierre_yves_bournazel,2025-W20,0.0022222222222222,0.0089236111111111,8,2570,820,1500,250,2025-05-15,twitter,P-Y. Bournazel (Horizons)
pierre_yves_bournazel,2025-W21,0.0011944444444444,0.0066865079365079,7,1685,792,578,315,2025-05-20,twitter,P-Y. Bournazel (Horizons)
pierre_yves_bournazel,2025-W22,0.0022222222222222,0.0134962962962962,15,7288,2815,3746,727,2025-05-26,twitter,P-Y. Bournazel (Horizons)
pierre_yves_bournazel,2025-W23,0.0022777777777777,0.009663492063492,35,12176,10151,643,1382,2025-06-02,twitter,P-Y. Bournazel (Horizons)
pierre_yves_bournazel,2025-W24,0.0018611111111111,0.0031865079365079,7,803,400,296,107,2025-06-09,twitter,P-Y. Bournazel (Horizons)
pierre_yves_bournazel,2025-W25,0.0018888888888888,0.0021049382716049,9,682,479,46,157,2025-06-16,twitter,P-Y. Bournazel (Horizons)
pierre_yves_bournazel,2025-W26,0.0013888888888888,0.0013976608187134,19,956,607,152,197,2025-06-24,twitter,P-Y. Bournazel (Horizons)
pierre_yves_bournazel,2025-W27,0.0016666666666666,0.0019469696969696,22,1542,1042,111,389,2025-06-30,twitter,P-Y. Bournazel (Horizons)
pierre_yves_bournazel,2025-W28,0.0027361111111111,0.0026759259259259,6,578,406,41,131,2025-07-07,twitter,P-Y. Bournazel (Horizons)
pierre_yves_bournazel,2025-W29,0.00125,0.0018888888888888,9,612,435,52,125,2025-07-14,twitter,P-Y. Bournazel (Horizons)
pierre_yves_bournazel,2025-W30,0.0019166666666666,0.0024246031746031,7,611,420,61,130,2025-07-21,twitter,P-Y. Bournazel (Horizons)
pierre_yves_bournazel,2025-W31,0.0024166666666666,0.0023944444444444,5,431,294,52,85,2025-07-28,twitter,P-Y. Bournazel (Horizons)
pierre_yves_bournazel,2025-W32,0.0076944444444444,0.0076944444444444,1,277,172,22,83,2025-08-07,twitter,P-Y. Bournazel (Horizons)
pierre_yves_bournazel,2025-W33,0.0026527777777777,0.0026145833333333,8,753,520,59,174,2025-08-12,twitter,P-Y. Bournazel (Horizons)
pierre_yves_bournazel,2025-W34,0.001875,0.002,4,288,218,10,60,2025-08-18,twitter,P-Y. Bournazel (Horizons)
pierre_yves_bournazel,2025-W35,0.0025833333333333,0.0028181818181818,11,1116,692,215,209,2025-08-25,twitter,P-Y. Bournazel (Horizons)
pierre_yves_bournazel,2025-W36,0.0020833333333333,0.0023055555555555,12,996,719,67,210,2025-09-01,twitter,P-Y. Bournazel (Horizons)
pierre_yves_bournazel,2025-W37,0.0021944444444444,0.0036388888888888,21,2751,1571,689,491,2025-09-09,twitter,P-Y. Bournazel (Horizons)
pierre_yves_bournazel,2025-W38,0.0020555555555555,0.0022777777777777,16,1312,899,108,305,2025-09-15,twitter,P-Y. Bournazel (Horizons)
pierre_yves_bournazel,2025-W39,0.0025277777777777,0.0085686274509803,17,5244,3961,748,535,2025-09-22,twitter,P-Y. Bournazel (Horizons)
pierre_yves_bournazel,2025-W40,0.0023888888888888,0.0024305555555555,10,875,607,36,232,2025-09-30,twitter,P-Y. Bournazel (Horizons)
pierre_yves_bournazel,2025-W41,0.0024444444444444,0.5061611111111112,15,273327,257831,1896,13600,2025-10-06,twitter,P-Y. Bournazel (Horizons)
pierre_yves_bournazel,2025-W42,0.0016388888888888,0.0019969135802469,9,647,468,38,141,2025-10-15,twitter,P-Y. Bournazel (Horizons)
pierre_yves_bournazel,2025-W43,0.0021388888888888,0.0023518518518518,6,508,328,57,123,2025-10-20,twitter,P-Y. Bournazel (Horizons)
pierre_yves_bournazel,2025-W44,0.0045138888888888,0.0059345238095238,14,2991,1570,831,590,2025-10-28,twitter,P-Y. Bournazel (Horizons)
pierre_yves_bournazel,2025-W45,0.0061666666666666,0.0121074074074074,15,6538,2799,2742,997,2025-11-03,twitter,P-Y. Bournazel (Horizons)
pierre_yves_bournazel,2025-W46,0.0034166666666666,0.0036307189542483,17,2222,1384,248,590,2025-11-10,twitter,P-Y. Bournazel (Horizons)
pierre_yves_bournazel,2025-W47,0.0036111111111111,0.0059749999999999,20,4302,3241,247,814,2025-11-17,twitter,P-Y. Bournazel (Horizons)
pierre_yves_bournazel,2025-W48,0.0046666666666666,0.0070732323232323,22,5602,3960,487,1155,2025-11-24,twitter,P-Y. Bournazel (Horizons)
pierre_yves_bournazel,2025-W49,0.0045833333333333,0.0053859649122807,19,3684,2162,560,962,2025-12-01,twitter,P-Y. Bournazel (Horizons)
pierre_yves_bournazel,2025-W50,0.0048333333333333,0.011766081871345,19,8048,5162,841,2045,2025-12-09,twitter,P-Y. Bournazel (Horizons)
pierre_yves_bournazel,2025-W51,0.0053611111111111,0.0345555555555555,16,19904,15478,617,3809,2025-12-15,twitter,P-Y. Bournazel (Horizons)
pierre_yves_bournazel,2025-W52,0.0050972222222222,0.0051138888888888,10,1841,1166,149,526,2025-12-24,twitter,P-Y. Bournazel (Horizons)
pierre_yves_bournazel,2026-W01,0.0052222222222222,0.0060949074074074,12,2633,1775,157,701,2025-12-30,twitter,P-Y. Bournazel (Horizons)
pierre_yves_bournazel,2026-W02,0.0043472222222222,0.0067980769230769,26,6363,4076,684,1603,2026-01-05,twitter,P-Y. Bournazel (Horizons)
pierre_yves_bournazel,2026-W03,0.0035277777777777,0.0043902777777777,20,3161,2052,220,889,2026-01-12,twitter,P-Y. Bournazel (Horizons)
pierre_yves_bournazel,2026-W04,0.0035833333333333,0.0040112847222222,32,4621,2838,438,1345,2026-01-19,twitter,P-Y. Bournazel (Horizons)
pierre_yves_bournazel,2026-W05,0.0027222222222222,0.0026972789115646,49,4758,3043,285,1430,2026-01-26,twitter,P-Y. Bournazel (Horizons)
pierre_yves_bournazel,2026-W06,0.0031666666666666,0.0064825102880658,27,6301,4644,267,1390,2026-02-02,twitter,P-Y. Bournazel (Horizons)
pierre_yves_bournazel,2026-W07,0.0042222222222222,0.0051984126984126,35,6550,3796,1011,1743,2026-02-10,twitter,P-Y. Bournazel (Horizons)
pierre_yves_bournazel,2026-W08,0.0026249999999999,0.0029907407407407,6,646,351,133,162,2026-02-16,twitter,P-Y. Bournazel (Horizons)
rachida_dati,2025-W03,0.0003935742971887,0.0006563396442914,7,2288,1651,192,445,2025-01-18,twitter,R. Dati (LR)
rachida_dati,2025-W04,0.0004246987951807,0.0008143825301204,16,6489,4733,702,1054,2025-01-20,twitter,R. Dati (LR)
rachida_dati,2025-W05,0.0006305220883534,0.0011884006614694,17,10061,7642,990,1429,2025-01-27,twitter,R. Dati (LR)
rachida_dati,2025-W11,0.0044799196787148,0.0044799196787148,1,2231,1868,83,280,2025-03-16,twitter,R. Dati (LR)
rachida_dati,2025-W12,0.0003493975903614,0.0004457831325301,9,1998,1455,163,380,2025-03-18,twitter,R. Dati (LR)
rachida_dati,2025-W13,0.000214859437751,0.0005735669952537,11,3142,2259,507,376,2025-03-24,twitter,R. Dati (LR)
rachida_dati,2025-W14,0.0001927710843373,0.0025759401241328,11,14111,10123,1624,2364,2025-03-31,twitter,R. Dati (LR)
rachida_dati,2025-W15,0.0006034136546184,0.0009578313253012,10,4770,3508,616,646,2025-04-07,twitter,R. Dati (LR)
rachida_dati,2025-W16,0.000226907630522,0.0007110664881749,9,3187,2146,622,419,2025-04-14,twitter,R. Dati (LR)
rachida_dati,2025-W17,0.001008032128514,0.0038565691336775,7,13444,9695,2556,1193,2025-04-21,twitter,R. Dati (LR)
rachida_dati,2025-W18,0.0003473895582329,0.0003375725122713,9,1513,1019,197,297,2025-04-28,twitter,R. Dati (LR)
rachida_dati,2025-W19,0.00029718875502,0.0009244345804269,19,8747,6406,1118,1223,2025-05-05,twitter,R. Dati (LR)
rachida_dati,2025-W20,9.63855421686747e-05,0.0002635542168674,32,4200,3189,425,586,2025-05-12,twitter,R. Dati (LR)
rachida_dati,2025-W21,0.0001184738955823,0.0002778941854374,23,3183,2269,429,485,2025-05-19,twitter,R. Dati (LR)
rachida_dati,2025-W22,0.0018373493975903,0.0027487449799196,16,21902,15529,4199,2174,2025-05-26,twitter,R. Dati (LR)
rachida_dati,2025-W23,0.0004156626506024,0.0008365636458878,23,9582,6102,1943,1537,2025-06-02,twitter,R. Dati (LR)
rachida_dati,2025-W24,0.0004869477911646,0.0007649486836233,18,6857,3172,2969,716,2025-06-11,twitter,R. Dati (LR)
rachida_dati,2025-W25,0.0003805220883534,0.0014800451807228,16,11793,7190,3149,1454,2025-06-16,twitter,R. Dati (LR)
rachida_dati,2025-W26,0.0004508032128514,0.000915949512335,14,6386,3291,2233,862,2025-06-23,twitter,R. Dati (LR)
rachida_dati,2025-W27,0.000222891566265,0.0002597891566265,8,1035,678,179,178,2025-06-30,twitter,R. Dati (LR)
rachida_dati,2025-W28,0.0005692771084337,0.0008057946069994,14,5618,3754,1051,813,2025-07-07,twitter,R. Dati (LR)
rachida_dati,2025-W29,0.0004317269076305,0.000701520367183,14,4891,3297,974,620,2025-07-14,twitter,R. Dati (LR)
rachida_dati,2025-W30,0.0003253012048192,0.0007894434882386,7,2752,1295,1220,237,2025-07-21,twitter,R. Dati (LR)
rachida_dati,2025-W31,0.0010130522088353,0.0014565763052208,16,11606,7656,2560,1390,2025-07-28,twitter,R. Dati (LR)
rachida_dati,2025-W32,0.0004678714859437,0.0010261044176706,9,4599,2724,1090,785,2025-08-04,twitter,R. Dati (LR)
rachida_dati,2025-W33,0.0010993975903614,0.002478313253012,10,12342,8297,2442,1603,2025-08-11,twitter,R. Dati (LR)
rachida_dati,2025-W34,0.0005622489959839,0.0011572289156626,10,5763,3836,1143,784,2025-08-18,twitter,R. Dati (LR)
rachida_dati,2025-W35,0.0003373493975903,0.0014131069733479,11,7741,5490,1202,1049,2025-08-26,twitter,R. Dati (LR)
rachida_dati,2025-W36,0.0003373493975903,0.0021453012048192,25,26709,18747,3213,4749,2025-09-01,twitter,R. Dati (LR)
rachida_dati,2025-W37,0.0005763052208835,0.0029843373493975,10,14862,9943,2360,2559,2025-09-08,twitter,R. Dati (LR)
rachida_dati,2025-W38,0.0013423694779116,0.001679969879518,8,6693,4182,1708,803,2025-09-16,twitter,R. Dati (LR)
rachida_dati,2025-W39,0.0003453815261044,0.0006414993306559,15,4792,3580,589,623,2025-09-22,twitter,R. Dati (LR)
rachida_dati,2025-W40,0.0002469879518072,0.000926938523324,13,6001,3043,2374,584,2025-10-01,twitter,R. Dati (LR)
rachida_dati,2025-W41,0.0022289156626506,0.0032137781896818,13,20806,14490,3348,2968,2025-10-07,twitter,R. Dati (LR)
rachida_dati,2025-W42,0.0003835341365461,0.0012048192771084,21,12600,5846,5462,1292,2025-10-13,twitter,R. Dati (LR)
rachida_dati,2025-W43,0.0009036144578313,0.0017071443669414,19,16153,8761,5146,2246,2025-10-21,twitter,R. Dati (LR)
rachida_dati,2025-W44,0.0014738955823293,0.0024538152610441,14,17108,11233,3600,2275,2025-10-27,twitter,R. Dati (LR)
rachida_dati,2025-W45,0.0008785140562248,0.0014289156626506,30,21348,14543,3396,3409,2025-11-03,twitter,R. Dati (LR)
rachida_dati,2025-W46,0.0010632530120481,0.0018105756358768,18,16230,11374,2282,2574,2025-11-10,twitter,R. Dati (LR)
rachida_dati,2025-W47,0.0011506024096385,0.0030220883534136,19,28595,19401,5538,3656,2025-11-17,twitter,R. Dati (LR)
rachida_dati,2025-W48,0.0013835341365461,0.0017041105598866,17,14427,10602,1417,2408,2025-11-24,twitter,R. Dati (LR)
rachida_dati,2025-W49,0.0015622489959839,0.0030900525177633,13,20005,14864,2061,3080,2025-12-01,twitter,R. Dati (LR)
rachida_dati,2025-W50,0.0018112449799196,0.0022254016064257,12,13299,9849,987,2463,2025-12-09,twitter,R. Dati (LR)
rachida_dati,2025-W51,0.0011104417670682,0.0016457028112449,25,20489,13684,3605,3200,2025-12-15,twitter,R. Dati (LR)
rachida_dati,2025-W52,0.0026536144578313,0.003528781793842,6,10544,7861,1016,1667,2025-12-23,twitter,R. Dati (LR)
rachida_dati,2026-W01,0.0032570281124497,0.0033096385542168,5,8241,5503,832,1906,2025-12-29,twitter,R. Dati (LR)
rachida_dati,2026-W02,0.0014317269076305,0.0015458978772231,14,10778,7594,1154,2030,2026-01-05,twitter,R. Dati (LR)
rachida_dati,2026-W03,0.0009598393574297,0.0012465378756404,58,36005,24641,4253,7111,2026-01-12,twitter,R. Dati (LR)
rachida_dati,2026-W04,0.0009989959839357,0.0012671937751004,32,20194,13263,3064,3867,2026-01-19,twitter,R. Dati (LR)
rachida_dati,2026-W05,0.0010020080321285,0.0016063800657174,44,35199,23696,4750,6753,2026-01-26,twitter,R. Dati (LR)
rachida_dati,2026-W06,0.0008253012048192,0.0011097019657577,19,10500,6987,1149,2364,2026-02-02,twitter,R. Dati (LR)
rachida_dati,2026-W07,0.0008724899598393,0.0010581943157244,52,27403,18500,2843,6060,2026-02-09,twitter,R. Dati (LR)
rachida_dati,2026-W08,0.0007449799196787,0.0008029766123316,17,6798,4225,677,1896,2026-02-16,twitter,R. Dati (LR)
sarah_knafo,2025-W01,0.0167783783783783,0.0194139639639639,3,43099,32604,1060,9435,2025-01-02,twitter,S. Knafo (Reconquête)
sarah_knafo,2025-W02,0.0115324324324324,0.0122833108108108,20,181793,130250,6703,44840,2025-01-07,twitter,S. Knafo (Reconquête)
sarah_knafo,2025-W03,0.0110628378378378,0.012612318087318,26,242661,184244,9364,49053,2025-01-13,twitter,S. Knafo (Reconquête)
sarah_knafo,2025-W04,0.0065716216216216,0.0090605405405405,25,167620,122936,7187,37497,2025-01-20,twitter,S. Knafo (Reconquête)
sarah_knafo,2025-W05,0.0106216216216216,0.0122366454689984,17,153937,113394,7190,33353,2025-01-27,twitter,S. Knafo (Reconquête)
sarah_knafo,2025-W06,0.0038432432432432,0.0078831780055917,58,338346,236694,11716,89936,2025-02-03,twitter,S. Knafo (Reconquête)
sarah_knafo,2025-W07,0.008827027027027,0.0108995322245322,26,209707,149690,8505,51512,2025-02-10,twitter,S. Knafo (Reconquête)
sarah_knafo,2025-W08,0.0163844594594594,0.0170584234234234,30,378697,277230,15419,86048,2025-02-17,twitter,S. Knafo (Reconquête)
sarah_knafo,2025-W09,0.005827027027027,0.0079057172557172,39,228159,159189,4933,64037,2025-02-25,twitter,S. Knafo (Reconquête)
sarah_knafo,2025-W13,0.2349067567567567,0.2349067567567567,1,173831,172631,166,1034,2025-03-29,twitter,S. Knafo (Reconquête)
sarah_knafo,2025-W14,0.0946472972972973,0.376304054054054,5,1392325,1380625,3964,7736,2025-03-31,twitter,S. Knafo (Reconquête)
sarah_knafo,2025-W15,0.1800195945945946,0.1800195945945946,2,266429,259164,617,6648,2025-04-09,twitter,S. Knafo (Reconquête)
sarah_knafo,2025-W16,0.1672993243243243,0.3031442567567567,4,897307,887238,1724,8345,2025-04-14,twitter,S. Knafo (Reconquête)
sarah_knafo,2025-W17,0.1272972972972973,0.3538472972972973,4,1047388,1037295,1486,8607,2025-04-21,twitter,S. Knafo (Reconquête)
sarah_knafo,2025-W18,0.1632189189189189,0.1898596979332273,17,2388435,2352568,5203,30664,2025-04-30,twitter,S. Knafo (Reconquête)
sarah_knafo,2025-W19,0.1653898648648648,0.2751177606177606,14,2850220,2802757,5527,41936,2025-05-05,twitter,S. Knafo (Reconquête)
sarah_knafo,2025-W20,0.1399310810810811,0.1426282657657657,12,1266539,1244428,2760,19351,2025-05-12,twitter,S. Knafo (Reconquête)
sarah_knafo,2025-W21,0.0722263513513513,0.1623135135135135,24,2882688,2842323,4411,35954,2025-05-19,twitter,S. Knafo (Reconquête)
sarah_knafo,2025-W22,0.0057412162162162,0.0073342342342342,6,32564,23602,1557,7405,2025-05-27,twitter,S. Knafo (Reconquête)
sarah_knafo,2025-W23,0.0042972972972972,0.006901493598862,19,97035,69732,3433,23870,2025-06-02,twitter,S. Knafo (Reconquête)
sarah_knafo,2025-W24,0.0060675675675675,0.0070145752895752,14,72671,53948,1918,16805,2025-06-09,twitter,S. Knafo (Reconquête)
sarah_knafo,2025-W25,0.0040527027027027,0.0067572072072072,21,105007,77523,4360,23124,2025-06-16,twitter,S. Knafo (Reconquête)
sarah_knafo,2025-W26,0.0068797297297297,0.0089099761526232,34,224175,164592,8527,51056,2025-06-23,twitter,S. Knafo (Reconquête)
sarah_knafo,2025-W27,0.0082608108108108,0.0092757551669316,17,116689,85590,5068,26031,2025-06-30,twitter,S. Knafo (Reconquête)
sarah_knafo,2025-W28,0.0096939189189189,0.0106089339339339,18,141311,103553,5378,32380,2025-07-07,twitter,S. Knafo (Reconquête)
sarah_knafo,2025-W29,0.0181162162162162,0.0230536486486486,10,170597,123274,9395,37928,2025-07-14,twitter,S. Knafo (Reconquête)
sarah_knafo,2025-W30,0.012602027027027,0.0170199324324324,4,50379,33820,2490,14069,2025-07-21,twitter,S. Knafo (Reconquête)
sarah_knafo,2025-W31,0.0188277027027027,0.0189131756756756,4,55983,41369,2168,12446,2025-07-28,twitter,S. Knafo (Reconquête)
sarah_knafo,2025-W32,0.0290851351351351,0.033984054054054,5,125741,97424,6603,21714,2025-08-04,twitter,S. Knafo (Reconquête)
sarah_knafo,2025-W33,0.0180959459459459,0.0180959459459459,2,26782,19428,1372,5982,2025-08-16,twitter,S. Knafo (Reconquête)
sarah_knafo,2025-W34,0.0225716216216216,0.0225716216216216,2,33406,27923,1523,3960,2025-08-19,twitter,S. Knafo (Reconquête)
sarah_knafo,2025-W35,0.0131148648648648,0.0171141536273115,19,240625,180780,11122,48723,2025-08-25,twitter,S. Knafo (Reconquête)
sarah_knafo,2025-W36,0.0094135135135135,0.0123009590235396,31,282184,210224,9610,62350,2025-09-01,twitter,S. Knafo (Reconquête)
sarah_knafo,2025-W37,0.0161189189189189,0.01766658004158,26,339905,260365,14371,65169,2025-09-08,twitter,S. Knafo (Reconquête)
sarah_knafo,2025-W38,0.0117804054054054,0.0128931081081081,30,286227,244987,5099,36141,2025-09-15,twitter,S. Knafo (Reconquête)
sarah_knafo,2025-W39,0.0120324324324324,0.0134994435612082,17,169823,125617,5467,38739,2025-09-22,twitter,S. Knafo (Reconquête)
sarah_knafo,2025-W40,0.0071864864864864,0.0091353153153153,30,202804,150385,6682,45737,2025-09-29,twitter,S. Knafo (Reconquête)
sarah_knafo,2025-W41,0.0147067567567567,0.016629054054054,16,196888,148828,5579,42481,2025-10-06,twitter,S. Knafo (Reconquête)
sarah_knafo,2025-W42,0.0111087837837837,0.0113688438438438,18,151433,114528,4898,32007,2025-10-13,twitter,S. Knafo (Reconquête)
sarah_knafo,2025-W43,0.0105418918918918,0.0126463617463617,13,121658,89443,5331,26884,2025-10-20,twitter,S. Knafo (Reconquête)
sarah_knafo,2025-W44,0.0132418918918918,0.0130025437201907,17,163572,121026,5599,36947,2025-10-27,twitter,S. Knafo (Reconquête)
sarah_knafo,2025-W45,0.0138945945945945,0.0143111226611226,13,137673,101988,4350,31335,2025-11-03,twitter,S. Knafo (Reconquête)
sarah_knafo,2025-W46,0.0057472972972972,0.011064546899841,17,139192,107200,4633,27359,2025-11-10,twitter,S. Knafo (Reconquête)
sarah_knafo,2025-W47,0.0064398648648648,0.0108983367983367,26,209684,155986,7193,46505,2025-11-17,twitter,S. Knafo (Reconquête)
sarah_knafo,2025-W48,0.0063695945945945,0.0083965653153153,24,149123,115535,4211,29377,2025-11-24,twitter,S. Knafo (Reconquête)
sarah_knafo,2025-W49,0.0116074324324324,0.0128447788697788,22,209113,154568,5706,48839,2025-12-01,twitter,S. Knafo (Reconquête)
sarah_knafo,2025-W50,0.0150331081081081,0.0145496621621621,24,258402,202781,8037,47584,2025-12-08,twitter,S. Knafo (Reconquête)
sarah_knafo,2025-W51,0.0082695945945945,0.0095449324324324,24,169518,126520,4136,38862,2025-12-15,twitter,S. Knafo (Reconquête)
sarah_knafo,2025-W52,0.0148094594594594,0.0144266666666666,15,160136,126417,5147,28572,2025-12-22,twitter,S. Knafo (Reconquête)
sarah_knafo,2026-W01,0.0168094594594594,0.0170710073710073,11,138958,105046,7282,26630,2025-12-29,twitter,S. Knafo (Reconquête)
sarah_knafo,2026-W02,0.0072581081081081,0.0103916602316602,35,269144,211917,10668,46559,2026-01-07,twitter,S. Knafo (Reconquête)
sarah_knafo,2026-W03,0.0069331081081081,0.0081245173745173,42,252510,200527,6618,45365,2026-01-12,twitter,S. Knafo (Reconquête)
sarah_knafo,2026-W04,0.0051675675675675,0.0122281964656964,52,470541,411796,7181,51564,2026-01-19,twitter,S. Knafo (Reconquête)
sarah_knafo,2026-W05,0.00645,0.0079318598259276,59,346305,264054,11945,70306,2026-01-26,twitter,S. Knafo (Reconquête)
sarah_knafo,2026-W06,0.0062527027027027,0.0079418653948065,51,299726,229956,11993,57777,2026-02-02,twitter,S. Knafo (Reconquête)
sarah_knafo,2026-W07,0.0049662162162162,0.0084783325698579,59,370164,288858,13437,67869,2026-02-09,twitter,S. Knafo (Reconquête)
sarah_knafo,2026-W08,0.0055378378378378,0.0068489189189189,15,76023,58401,2178,15444,2026-02-16,twitter,S. Knafo (Reconquête)
sophia_chikirou,2025-W01,0.0024322033898305,0.0048559322033898,3,1719,1355,4,360,2025-01-02,twitter,S. Chikirou (LFI)
sophia_chikirou,2025-W02,0.0064745762711864,0.0064745762711864,2,1528,1132,4,392,2025-01-09,twitter,S. Chikirou (LFI)
sophia_chikirou,2025-W03,0.0025508474576271,0.0030601694915254,10,3611,2607,44,960,2025-01-13,twitter,S. Chikirou (LFI)
sophia_chikirou,2025-W04,0.0034618644067796,0.0064025423728813,12,9066,6500,239,2327,2025-01-20,twitter,S. Chikirou (LFI)
sophia_chikirou,2025-W05,0.0046610169491525,0.0055008474576271,10,6491,5027,103,1361,2025-01-27,twitter,S. Chikirou (LFI)
sophia_chikirou,2025-W06,0.0032457627118644,0.0031355932203389,7,2590,1747,148,695,2025-02-03,twitter,S. Chikirou (LFI)
sophia_chikirou,2025-W07,0.0066271186440677,0.0066271186440677,1,782,461,0,321,2025-02-10,twitter,S. Chikirou (LFI)
sophia_chikirou,2025-W08,0.0060466101694915,0.0060466101694915,2,1427,950,59,418,2025-02-19,twitter,S. Chikirou (LFI)
sophia_chikirou,2025-W09,0.0035,0.0050813559322033,5,2998,2161,33,804,2025-02-24,twitter,S. Chikirou (LFI)
sophia_chikirou,2025-W19,0.0131355932203389,0.036328813559322,5,21434,16325,1914,3195,2025-05-10,twitter,S. Chikirou (LFI)
sophia_chikirou,2025-W20,0.0051271186440677,0.0063474576271186,10,7490,5085,362,2043,2025-05-13,twitter,S. Chikirou (LFI)
sophia_chikirou,2025-W21,0.0036355932203389,0.011655720338983,8,11003,7192,293,3518,2025-05-20,twitter,S. Chikirou (LFI)
sophia_chikirou,2025-W22,0.0045635593220338,0.013468220338983,8,12714,9211,847,2656,2025-05-26,twitter,S. Chikirou (LFI)
sophia_chikirou,2025-W23,0.0058474576271186,0.0119355932203389,10,14084,10626,470,2988,2025-06-04,twitter,S. Chikirou (LFI)
sophia_chikirou,2025-W24,0.004093220338983,0.019653220338983,25,57977,40998,2842,14137,2025-06-09,twitter,S. Chikirou (LFI)
sophia_chikirou,2025-W25,0.0029533898305084,0.0057711864406779,14,9534,5509,608,3417,2025-06-16,twitter,S. Chikirou (LFI)
sophia_chikirou,2025-W26,0.0081610169491525,0.0085296610169491,4,4026,2779,0,1247,2025-06-24,twitter,S. Chikirou (LFI)
sophia_chikirou,2025-W27,0.0029364406779661,0.006428813559322,10,7586,5391,169,2026,2025-07-01,twitter,S. Chikirou (LFI)
sophia_chikirou,2025-W28,0.003822033898305,0.0121525423728813,12,17208,12367,1147,3694,2025-07-07,twitter,S. Chikirou (LFI)
sophia_chikirou,2025-W29,0.0037669491525423,0.0048622881355932,8,4590,3271,27,1292,2025-07-14,twitter,S. Chikirou (LFI)
sophia_chikirou,2025-W30,0.0312457627118644,0.0434350282485875,15,76880,49139,6273,21468,2025-07-21,twitter,S. Chikirou (LFI)
sophia_chikirou,2025-W31,0.011457627118644,0.0337193973634651,9,35810,22225,5718,7867,2025-07-28,twitter,S. Chikirou (LFI)
sophia_chikirou,2025-W32,0.008228813559322,0.0155828625235404,9,16549,11026,1877,3646,2025-08-04,twitter,S. Chikirou (LFI)
sophia_chikirou,2025-W33,0.0107542372881355,0.0219140435835351,7,18101,11350,1787,4964,2025-08-11,twitter,S. Chikirou (LFI)
sophia_chikirou,2025-W34,0.002864406779661,0.0025847457627118,6,1830,1423,4,403,2025-08-18,twitter,S. Chikirou (LFI)
sophia_chikirou,2025-W35,0.0036101694915254,0.0045100154083204,11,5854,3928,303,1623,2025-08-25,twitter,S. Chikirou (LFI)
sophia_chikirou,2025-W36,0.0060338983050847,0.0110799031476997,7,9152,6764,23,2365,2025-09-02,twitter,S. Chikirou (LFI)
sophia_chikirou,2025-W37,0.0049915254237288,0.0180084745762711,11,23375,15954,24,7397,2025-09-08,twitter,S. Chikirou (LFI)
sophia_chikirou,2025-W38,0.0045762711864406,0.0155672669491525,16,29391,21495,2967,4929,2025-09-15,twitter,S. Chikirou (LFI)
sophia_chikirou,2025-W39,0.0041398305084745,0.007842064714946,22,20358,14746,394,5218,2025-09-22,twitter,S. Chikirou (LFI)
sophia_chikirou,2025-W40,0.0031525423728813,0.0058026634382566,7,4793,3508,19,1266,2025-09-30,twitter,S. Chikirou (LFI)
sophia_chikirou,2025-W41,0.0039957627118644,0.0103601694915254,14,17115,13309,268,3538,2025-10-06,twitter,S. Chikirou (LFI)
sophia_chikirou,2025-W42,0.0074915254237288,0.0135152542372881,15,23922,16072,1273,6577,2025-10-13,twitter,S. Chikirou (LFI)
sophia_chikirou,2025-W43,0.0039194915254237,0.0060042372881355,6,4251,3101,27,1123,2025-10-20,twitter,S. Chikirou (LFI)
sophia_chikirou,2025-W44,0.0022966101694915,0.0028677966101694,5,1692,1107,83,502,2025-10-28,twitter,S. Chikirou (LFI)
sophia_chikirou,2025-W45,0.0036101694915254,0.0141941783345615,23,38523,30200,1459,6864,2025-11-03,twitter,S. Chikirou (LFI)
sophia_chikirou,2025-W46,0.0062542372881355,0.0096584745762711,20,22794,16302,1570,4922,2025-11-10,twitter,S. Chikirou (LFI)
sophia_chikirou,2025-W47,0.0030508474576271,0.0059397617956939,37,25933,17250,2601,6082,2025-11-17,twitter,S. Chikirou (LFI)
sophia_chikirou,2025-W48,0.0035593220338983,0.0073854721549636,35,30502,20172,3389,6941,2025-11-24,twitter,S. Chikirou (LFI)
sophia_chikirou,2025-W49,0.0029533898305084,0.0048011734028683,26,14730,10044,1443,3243,2025-12-01,twitter,S. Chikirou (LFI)
sophia_chikirou,2025-W50,0.0057457627118644,0.0129406779661016,23,35121,24555,4920,5646,2025-12-08,twitter,S. Chikirou (LFI)
sophia_chikirou,2025-W51,0.0060211864406779,0.021435230024213,28,70822,53930,2440,14452,2025-12-15,twitter,S. Chikirou (LFI)
sophia_chikirou,2025-W52,0.0121355932203389,0.0142762711864406,10,16846,12603,217,4026,2025-12-22,twitter,S. Chikirou (LFI)
sophia_chikirou,2026-W01,0.0109745762711864,0.018907627118644,10,22311,15570,1531,5210,2025-12-29,twitter,S. Chikirou (LFI)
sophia_chikirou,2026-W02,0.0050466101694915,0.0102567796610169,20,24206,15247,1979,6980,2026-01-05,twitter,S. Chikirou (LFI)
sophia_chikirou,2026-W03,0.0038516949152542,0.0057717917675544,56,38140,26073,3188,8879,2026-01-12,twitter,S. Chikirou (LFI)
sophia_chikirou,2026-W04,0.0027881355932203,0.011176358854471,58,76491,57688,5055,13748,2026-01-19,twitter,S. Chikirou (LFI)
sophia_chikirou,2026-W05,0.0036779661016949,0.0077478342749529,90,82282,57301,8642,16339,2026-01-26,twitter,S. Chikirou (LFI)
sophia_chikirou,2026-W06,0.0026610169491525,0.0037765793528505,55,24510,17035,1112,6363,2026-02-02,twitter,S. Chikirou (LFI)
sophia_chikirou,2026-W07,0.0057118644067796,0.0097142593957258,46,52729,38081,2810,11838,2026-02-09,twitter,S. Chikirou (LFI)
sophia_chikirou,2026-W08,0.0004915254237288,0.002087099811676,18,4433,3480,98,855,2026-02-16,twitter,S. Chikirou (LFI)
thierry_mariani,2025-W01,0.0023707865168539,0.0023707865168539,2,844,583,35,226,2025-01-01,twitter,T. Mariani (RN)
thierry_mariani,2025-W02,0.0041573033707865,0.011306345009914,17,34213,24413,1650,8150,2025-01-07,twitter,T. Mariani (RN)
thierry_mariani,2025-W03,0.0118426966292134,0.0193078651685393,5,17184,11997,614,4573,2025-01-13,twitter,T. Mariani (RN)
thierry_mariani,2025-W04,0.0036460674157303,0.0080106741573033,20,28518,19033,1295,8190,2025-01-21,twitter,T. Mariani (RN)
thierry_mariani,2025-W05,0.003505617977528,0.0096402333621434,26,44615,30927,2030,11658,2025-01-27,twitter,T. Mariani (RN)
thierry_mariani,2025-W08,0.0010842696629213,0.004088202247191,10,7277,4441,827,2009,2025-02-19,twitter,T. Mariani (RN)
thierry_mariani,2025-W09,0.0061488764044943,0.0074224719101123,10,13212,8505,1193,3514,2025-02-24,twitter,T. Mariani (RN)
thierry_mariani,2025-W14,0.002317415730337,0.0035068947906026,22,13733,9381,720,3632,2025-04-01,twitter,T. Mariani (RN)
thierry_mariani,2025-W15,0.0020337078651685,0.0059166666666666,6,6319,3819,173,2327,2025-04-07,twitter,T. Mariani (RN)
thierry_mariani,2025-W16,0.0220786516853932,0.0220786516853932,1,3930,2652,295,983,2025-04-14,twitter,T. Mariani (RN)
thierry_mariani,2025-W17,0.0004662921348314,0.0009812734082397,3,524,353,12,159,2025-04-23,twitter,T. Mariani (RN)
thierry_mariani,2025-W18,0.0012752808988764,0.0035648621041879,11,6980,4589,276,2115,2025-04-28,twitter,T. Mariani (RN)
thierry_mariani,2025-W19,0.0073483146067415,0.0081091994382022,16,23095,15861,1194,6040,2025-05-06,twitter,T. Mariani (RN)
thierry_mariani,2025-W20,0.0038483146067415,0.0069531835205992,27,33417,22884,1263,9270,2025-05-13,twitter,T. Mariani (RN)
thierry_mariani,2025-W21,0.0033876404494382,0.0067264477095937,13,15565,10521,705,4339,2025-05-19,twitter,T. Mariani (RN)
thierry_mariani,2025-W22,0.0016797752808988,0.0023707865168539,6,2532,1660,203,669,2025-05-27,twitter,T. Mariani (RN)
thierry_mariani,2025-W23,0.0011235955056179,0.0009812734082397,3,524,362,34,128,2025-06-02,twitter,T. Mariani (RN)
thierry_mariani,2025-W24,0.0016601123595505,0.0047851123595505,4,3407,2417,113,877,2025-06-09,twitter,T. Mariani (RN)
thierry_mariani,2025-W25,0.0039859550561797,0.0077397003745318,6,8266,5242,401,2623,2025-06-16,twitter,T. Mariani (RN)
thierry_mariani,2025-W26,0.0025505617977528,0.0025505617977528,1,454,302,21,131,2025-06-25,twitter,T. Mariani (RN)
thierry_mariani,2025-W27,0.0018089887640449,0.0016449438202247,5,1464,984,69,411,2025-06-30,twitter,T. Mariani (RN)
thierry_mariani,2025-W28,0.0037022471910112,0.0043576779026217,3,2327,1525,170,632,2025-07-08,twitter,T. Mariani (RN)
thierry_mariani,2025-W29,0.0060842696629213,0.009003277153558,12,19231,12493,767,5971,2025-07-14,twitter,T. Mariani (RN)
thierry_mariani,2025-W30,0.005,0.0068570536828963,9,10985,7224,1090,2671,2025-07-24,twitter,T. Mariani (RN)
thierry_mariani,2025-W31,0.0031573033707865,0.0024406991260923,9,3910,2648,261,1001,2025-07-28,twitter,T. Mariani (RN)
thierry_mariani,2025-W32,0.0019269662921348,0.0048707865168539,3,2601,1881,145,575,2025-08-07,twitter,T. Mariani (RN)
thierry_mariani,2025-W33,0.0333960674157303,0.0396441947565543,6,42340,26660,2284,13396,2025-08-14,twitter,T. Mariani (RN)
thierry_mariani,2025-W34,0.0011713483146067,0.0086573033707865,12,18492,12483,1661,4348,2025-08-18,twitter,T. Mariani (RN)
thierry_mariani,2025-W35,0.0032134831460674,0.0190892962743938,19,64560,47299,4323,12938,2025-08-25,twitter,T. Mariani (RN)
thierry_mariani,2025-W36,0.001441011235955,0.0118041099940863,38,79843,59495,2817,17531,2025-09-01,twitter,T. Mariani (RN)
thierry_mariani,2025-W37,0.0031573033707865,0.0152947718413207,49,133401,94270,5869,33262,2025-09-08,twitter,T. Mariani (RN)
thierry_mariani,2025-W38,0.0013960674157303,0.0022973515248796,42,17175,11883,1125,4167,2025-09-15,twitter,T. Mariani (RN)
thierry_mariani,2025-W39,0.0020224719101123,0.0095088282504012,21,35544,24582,2928,8034,2025-09-22,twitter,T. Mariani (RN)
thierry_mariani,2025-W40,0.016876404494382,0.0214574216439976,19,72569,52636,5208,14725,2025-09-29,twitter,T. Mariani (RN)
thierry_mariani,2025-W41,0.0079297752808988,0.01335291113381,22,52290,38728,4155,9407,2025-10-06,twitter,T. Mariani (RN)
thierry_mariani,2025-W42,0.0038033707865168,0.0148324520819563,17,44883,33629,2789,8465,2025-10-13,twitter,T. Mariani (RN)
thierry_mariani,2025-W43,0.0050842696629213,0.0105689887640449,25,47032,32871,2590,11571,2025-10-20,twitter,T. Mariani (RN)
thierry_mariani,2025-W44,0.0024438202247191,0.0155925628678437,21,58285,44390,3607,10288,2025-10-27,twitter,T. Mariani (RN)
thierry_mariani,2025-W45,0.0021067415730337,0.0066529338327091,18,21316,15749,1170,4397,2025-11-03,twitter,T. Mariani (RN)
thierry_mariani,2025-W46,0.0030786516853932,0.0110208195637805,17,33349,24674,2058,6617,2025-11-10,twitter,T. Mariani (RN)
thierry_mariani,2025-W47,0.0177022471910112,0.0255639585133967,13,59155,40896,3945,14314,2025-11-17,twitter,T. Mariani (RN)
thierry_mariani,2025-W48,0.0076797752808988,0.0108103106411103,17,32712,23526,2129,7057,2025-11-24,twitter,T. Mariani (RN)
thierry_mariani,2025-W49,0.010376404494382,0.0163932584269662,19,55442,39129,2879,13434,2025-12-01,twitter,T. Mariani (RN)
thierry_mariani,2025-W50,0.0041516853932584,0.0090280898876404,27,43389,31642,2839,8908,2025-12-08,twitter,T. Mariani (RN)
thierry_mariani,2025-W51,0.0020224719101123,0.0142178243105209,22,55677,37931,2813,14933,2025-12-15,twitter,T. Mariani (RN)
thierry_mariani,2025-W52,0.0077471910112359,0.0163661899897854,22,64090,46934,3868,13288,2025-12-22,twitter,T. Mariani (RN)
thierry_mariani,2026-W01,0.0080786516853932,0.0608089887640449,9,97416,73823,6896,16697,2025-12-29,twitter,T. Mariani (RN)
thierry_mariani,2026-W02,0.0020337078651685,0.0076450270495214,27,36742,27445,1388,7909,2026-01-05,twitter,T. Mariani (RN)
thierry_mariani,2026-W03,0.0021235955056179,0.0083793787177792,34,50712,37051,2420,11241,2026-01-12,twitter,T. Mariani (RN)
thierry_mariani,2026-W04,0.0012359550561797,0.0082538438793613,38,55829,36929,5350,13550,2026-01-19,twitter,T. Mariani (RN)
thierry_mariani,2026-W05,0.0014157303370786,0.0041411345574129,41,30222,20042,2892,7288,2026-01-26,twitter,T. Mariani (RN)
thierry_mariani,2026-W06,0.0008707865168539,0.0036234853491958,51,32894,20665,5030,7199,2026-02-02,twitter,T. Mariani (RN)
thierry_mariani,2026-W07,0.0020365168539325,0.0173981741573033,32,99100,74016,4906,20178,2026-02-09,twitter,T. Mariani (RN)
thierry_mariani,2026-W08,0.0012808988764044,0.0012977528089887,3,693,484,40,169,2026-02-16,twitter,T. Mariani (RN)
